<galaxy>
	<star name="Sol" temp="100" x="0" y="0" size="1.0" numPlanets="0" numGasGiants="0" >
		<planet name="Earth" DIMID="0" dimMapping="">
			<isKnown>true</isKnown>
			<fogColor>1.0,1.0,1.0</fogColor>
			<skyColor>1.0,1.0,1.0</skyColor>
			<gravitationalMultiplier>100</gravitationalMultiplier>
			<orbitalDistance>80</orbitalDistance>
			<orbitalPhi>0</orbitalPhi>
			<rotationalPeriod>24000</rotationalPeriod>
			<atmosphereDensity>100</atmosphereDensity>
			<planet name="Luna" DIMID="100">
				<isKnown>false</isKnown>
				<fogColor>1.0,1.0,1.0</fogColor>
				<skyColor>1.0,1.0,1.0</skyColor>
				<gravitationalMultiplier>16</gravitationalMultiplier>
				<orbitalDistance>150</orbitalDistance>
				<orbitalPhi>0</orbitalPhi>
				<rotationalPeriod>128000</rotationalPeriod>
				<atmosphereDensity>0</atmosphereDensity>
				<biomeIds>advancedrocketry:moon,advancedrocketry:moondark</biomeIds>
			</planet>
		</planet>
		<planet name="Mercury" DIMID="101" customIcon="lava">
			<isKnown>false</isKnown>
			<fogColor>1.0,1.0,1.0</fogColor>
			<skyColor>0.0,0.0,0.0</skyColor>
			<gravitationalMultiplier>38</gravitationalMultiplier>
			<orbitalDistance>10</orbitalDistance>
			<orbitalPhi>0</orbitalPhi>
			<rotationalPeriod>1400000</rotationalPeriod>
			<atmosphereDensity>0</atmosphereDensity>
			<biomeIds>advancedrocketry:moon,advancedrocketry:moondark</biomeIds>
		</planet>
		<planet name="Venus" DIMID="102" customIcon="lava">
			<isKnown>false</isKnown>
			<fogColor>0.9,0.9,0.9</fogColor>
			<skyColor>0.0,0.0,0.0</skyColor>
			<gravitationalMultiplier>90</gravitationalMultiplier>
			<orbitalDistance>40</orbitalDistance>
			<orbitalPhi>0</orbitalPhi>
			<rotationalPeriod>2784000</rotationalPeriod>
			<atmosphereDensity>0</atmosphereDensity>
			<biomeIds>advancedrocketry:crystalchasms</biomeIds>
			<spawnable weight="100" groupMin="1" groupMax="2">minecraft:zombie</spawnable>
			<spawnable weight="1" groupMin="1" groupMax="2">minecraft:skeleton</spawnable>
			<spawnable weight="1" groupMin="1" groupMax="2">minecraft:creeper</spawnable>
			<spawnable weight="1" groupMin="1" groupMax="2">minecraft:witch</spawnable>
			<spawnable weight="1" groupMin="1" groupMax="2">minecraft:wither_skeleton</spawnable>
			<spawnable weight="1" groupMin="1" groupMax="2">minecraft:magma_cube</spawnable>
		</planet>
		<planet name="Mars" DIMID="103" customIcon="marslike">
			<isKnown>false</isKnown>
			<fogColor>0.9,0.6,0.1</fogColor>
			<skyColor>1.0,0.2,0.0</skyColor>
			<gravitationalMultiplier>70</gravitationalMultiplier>
			<orbitalDistance>120</orbitalDistance>
			<orbitalPhi>0</orbitalPhi>
			<rotationalPeriod>20000</rotationalPeriod>
			<atmosphereDensity>0</atmosphereDensity>
			<biomeIds>advancedrocketry:hotdryrock</biomeIds>
		</planet>
		<planet name="Jupiter" DIMID="104" customIcon="gasgiantred">
			<isKnown>false</isKnown>
			<GasGiant>true</GasGiant>
			<gas>hydrogen</gas>
			<gas>helium</gas>
			<fogColor>1.0,1.0,1.0</fogColor>
			<skyColor>1.0,1.0,1.0</skyColor>
			<gravitationalMultiplier>100</gravitationalMultiplier>
			<orbitalDistance>120</orbitalDistance>
			<orbitalPhi>0</orbitalPhi>
			<rotationalPeriod>9900</rotationalPeriod>
			<atmosphereDensity>100</atmosphereDensity>
			<planet name="Io" DIMID="105" customIcon="moon">
				<isKnown>false</isKnown>
				<fogColor>1.0,1.0,1.0</fogColor>
				<skyColor>1.0,1.0,1.0</skyColor>
				<gravitationalMultiplier>200</gravitationalMultiplier>
				<orbitalDistance>180</orbitalDistance>
				<orbitalPhi>0</orbitalPhi>
				<rotationalPeriod>10000</rotationalPeriod>
				<atmosphereDensity>0</atmosphereDensity>
				<biomeIds>advancedrocketry:moon,advancedrocketry:moondark</biomeIds>
			</planet>
		</planet>
		<planet name="Saturn" DIMID="107" customIcon="gasgiantblue">
			<isKnown>false</isKnown>
			<hasRings>true</hasRings>
			<ringColor>0.4,0.4,0.7</ringColor>
			<GasGiant>true</GasGiant>
			<gas>hydrogen</gas>
			<gas>helium</gas>
			<fogColor>1.0,1.0,1.0</fogColor>
			<skyColor>1.0,1.0,1.0</skyColor>
			<gravitationalMultiplier>100</gravitationalMultiplier>
			<orbitalDistance>130</orbitalDistance>
			<orbitalPhi>0</orbitalPhi>
			<rotationalPeriod>10600</rotationalPeriod>
			<atmosphereDensity>100</atmosphereDensity>
			<planet name="L" DIMID="108" customIcon="moon">
				<isKnown>false</isKnown>
				<fogColor>1.0,1.0,1.0</fogColor>
				<skyColor>1.0,1.0,1.0</skyColor>
				<gravitationalMultiplier>200</gravitationalMultiplier>
				<orbitalDistance>200</orbitalDistance>
				<orbitalPhi>120</orbitalPhi>
				<rotationalPeriod>12000</rotationalPeriod>
				<atmosphereDensity>0</atmosphereDensity>
				<biomeIds>advancedrocketry:moon,advancedrocketry:moondark</biomeIds>
			</planet>
		</planet>
		<planet name="Uranus" DIMID="109" customIcon="iceworld">
			<isKnown>false</isKnown>
			<GasGiant>true</GasGiant>
			<gas>hydrogen</gas>
			<gas>helium</gas>
			<fogColor>1.0,1.0,1.0</fogColor>
			<skyColor>1.0,1.0,1.0</skyColor>
			<gravitationalMultiplier>200</gravitationalMultiplier>
			<orbitalDistance>200</orbitalDistance>
			<orbitalPhi>0</orbitalPhi>
			<rotationalPeriod>17250</rotationalPeriod>
			<atmosphereDensity>0</atmosphereDensity>
		</planet>
	</star>
	<star name="TwaT" temp="100" x="20" y="20" size="1.0" numPlanets="0" numGasGiants="0" blackHole="true">
		<planet name="Ganymede" DIMID="113" customIcon="lava">
			<isKnown>false</isKnown>
			<fogColor>1.0,1.0,1.0</fogColor>
			<skyColor>0.0,0.0,0.0</skyColor>
			<gravitationalMultiplier>38</gravitationalMultiplier>
			<orbitalDistance>10</orbitalDistance>
			<orbitalPhi>0</orbitalPhi>
			<rotationalPeriod>1400000</rotationalPeriod>
			<atmosphereDensity>120</atmosphereDensity>
			<biomeIds>advancedrocketry:stormland</biomeIds>
		</planet>
		<planet name="Sedna" DIMID="115" customIcon="marslike">
			<isKnown>false</isKnown>
			<fogColor>0.9,0.6,0.1</fogColor>
			<skyColor>1.0,0.2,0.0</skyColor>
			<gravitationalMultiplier>70</gravitationalMultiplier>
			<orbitalDistance>120</orbitalDistance>
			<orbitalPhi>0</orbitalPhi>
			<rotationalPeriod>20000</rotationalPeriod>
			<atmosphereDensity>0</atmosphereDensity>
			<biomeIds>advancedrocketry:hotdryrock</biomeIds>
		</planet>
		<planet name="Orcus" DIMID="116" customIcon="gasgiantred">
			<isKnown>false</isKnown>
			<GasGiant>true</GasGiant>
			<gas>hydrogen</gas>
			<gas>helium</gas>
			<fogColor>1.0,1.0,1.0</fogColor>
			<skyColor>1.0,1.0,1.0</skyColor>
			<gravitationalMultiplier>100</gravitationalMultiplier>
			<orbitalDistance>120</orbitalDistance>
			<orbitalPhi>0</orbitalPhi>
			<rotationalPeriod>9900</rotationalPeriod>
			<atmosphereDensity>100</atmosphereDensity>
		</planet>
		<planet name="Haumea" DIMID="118" customIcon="gasgiantblue">
			<isKnown>false</isKnown>
			<hasRings>true</hasRings>
			<ringColor>0.4,0.4,0.7</ringColor>
			<GasGiant>true</GasGiant>
			<gas>hydrogen</gas>
			<gas>helium</gas>
			<fogColor>1.0,1.0,1.0</fogColor>
			<skyColor>1.0,1.0,1.0</skyColor>
			<gravitationalMultiplier>100</gravitationalMultiplier>
			<orbitalDistance>130</orbitalDistance>
			<orbitalPhi>0</orbitalPhi>
			<rotationalPeriod>10600</rotationalPeriod>
			<atmosphereDensity>100</atmosphereDensity>
			<planet name="L" DIMID="108" customIcon="moon">
				<isKnown>false</isKnown>
				<fogColor>1.0,1.0,1.0</fogColor>
				<skyColor>1.0,1.0,1.0</skyColor>
				<gravitationalMultiplier>200</gravitationalMultiplier>
				<orbitalDistance>200</orbitalDistance>
				<orbitalPhi>120</orbitalPhi>
				<rotationalPeriod>12000</rotationalPeriod>
				<atmosphereDensity>0</atmosphereDensity>
				<biomeIds>advancedrocketry:moon,advancedrocketry:moondark</biomeIds>
			</planet>
		</planet>
		<planet name="Triton" DIMID="111" customIcon="Earthlike">
			<isKnown>false</isKnown>
			<fogColor>1.0,1.0,1.0</fogColor>
			<skyColor>1.0,1.0,1.0</skyColor>
			<gravitationalMultiplier>100</gravitationalMultiplier>
			<orbitalDistance>80</orbitalDistance>
			<orbitalPhi>0</orbitalPhi>
			<rotationalPeriod>24000</rotationalPeriod>
			<atmosphereDensity>100</atmosphereDensity>
			<biomeIds>minecraft:plains,minecraft:mutated_extreme_hills,minecraft:swampland,nuclearcraft:nuclear_wasteland,minecraft:mushroom_island_shore</biomeIds>
			<artifact>minecraft:torch 1 1</artifact>
			<planet name="Titania" DIMID="112">
				<isKnown>false</isKnown>
				<fogColor>1.0,1.0,1.0</fogColor>
				<skyColor>1.0,1.0,1.0</skyColor>
				<gravitationalMultiplier>16</gravitationalMultiplier>
				<orbitalDistance>150</orbitalDistance>
				<orbitalPhi>0</orbitalPhi>
				<rotationalPeriod>128000</rotationalPeriod>
				<atmosphereDensity>0</atmosphereDensity>
				<biomeIds>advancedrocketry:moon,advancedrocketry:moondark</biomeIds>
			</planet>
		</planet>
	</star>
</galaxy>