{"stat.flyOneCm":95465,"stat.useItem.nuclearcraft.fusion_electromagnet_transparent_idle":130,"stat.walkOneCm":11570,"stat.useItem.nuclearcraft.fusion_connector":17,"stat.jump":174,"stat.playOneMinute":28154,"stat.useItem.enderio.block_cap_bank":23,"stat.useItem.nuclearcraft.fusion_electromagnet_idle":110,"stat.useItem.mekanism.basicblock2":47,"stat.useItem.minecraft.redstone":14,"stat.sneakTime":714,"stat.pickup.nuclearcraft.fusion_core":1,"stat.useItem.nuclearcraft.fusion_core":1,"stat.crouchOneCm":1293,"stat.timeSinceDeath":28154,"stat.useItem.thermaldynamics.duct_0":3,"stat.useItem.thermalfoundation.upgrade":4,"stat.sprintOneCm":7075,"stat.useItem.minecraft.stone_slab2":12}