{"stat.flyOneCm":261221,"stat.useItem.nuclearcraft.fusion_electromagnet_transparent_idle":130,"stat.walkOneCm":25617,"stat.useItem.nuclearcraft.fusion_connector":17,"stat.jump":449,"stat.playOneMinute":56954,"stat.useItem.minecraft.stone":83,"stat.useItem.enderio.block_cap_bank":23,"stat.useItem.nuclearcraft.fusion_electromagnet_idle":110,"stat.useItem.mekanism.basicblock2":47,"stat.useItem.minecraft.redstone":21,"stat.useItem.nuclearcraft.active_cooler":21,"stat.useItem.nuclearcraft.water_source_dense":5,"stat.sneakTime":1311,"stat.pickup.nuclearcraft.fusion_core":1,"stat.useItem.nuclearcraft.fusion_core":1,"stat.crouchOneCm":1748,"stat.timeSinceDeath":56954,"stat.useItem.thermaldynamics.duct_0":3,"stat.useItem.thermalfoundation.upgrade":4,"stat.sprintOneCm":19655,"stat.useItem.minecraft.stone_slab2":28}