{"stat.flyOneCm":382368,"stat.useItem.nuclearcraft.fusion_electromagnet_transparent_idle":130,"stat.walkOneCm":29109,"stat.useItem.nuclearcraft.fusion_connector":17,"stat.jump":499,"stat.playOneMinute":85755,"stat.useItem.minecraft.stone":83,"stat.useItem.enderio.block_cap_bank":23,"stat.useItem.nuclearcraft.fusion_electromagnet_idle":110,"stat.useItem.mekanism.basicblock2":47,"stat.useItem.minecraft.redstone":21,"stat.useItem.nuclearcraft.active_cooler":21,"stat.useItem.nuclearcraft.water_source_dense":19,"stat.sneakTime":2286,"stat.pickup.nuclearcraft.fusion_core":1,"stat.useItem.nuclearcraft.fusion_core":1,"stat.pickup.minecraft.redstone":1,"stat.crouchOneCm":3077,"stat.timeSinceDeath":85755,"stat.useItem.thermaldynamics.duct_0":3,"stat.useItem.thermalfoundation.upgrade":4,"stat.sprintOneCm":20937,"stat.useItem.minecraft.stone_slab2":140}